Cc1cc2c(cc1C)NC(=O)C[C@H]2c3ccccc3OC,4.17
COc1ccc2c(c1)O[C@@](CC2=O)(C(F)(F)F)O,2.79
CC1(O[C@H]([C@H](O1)C(=O)N)C(=O)N)C(C)(C)C,1.6
CCOc1cc(cc(c1OCC)OCC)c2nnc(o2)c3ccco3,3.96
CN(C)c1ccc(cc1)C(=C)c2ccc(cc2)N(C)C,5.3
Cc1ccc(o1)[C@H](C#CC(c2ccccc2)(c3ccccc3)O)O,3.53
CC(C)(C)c1cc(n[nH]1)Cc2ccccc2,4.35
C[C@H]1C[C@@H](CC(C1)(C)C)NC(=S)NCc2csc3c2cccc3,6.21
CCNc1nc(nc(n1)Oc2ccc(nn2)OCC)NC(C)C,3.14
c1ccc2c(c1)OCCOCCOCCO2,1.81
c1ccc2c(c1)c3c(c(=O)o2)[C@H](C(=C(O3)N)C#N)c4cccs4,2.34
CCOC(=O)CC1=Nn2c(nnc2SC1)c3cccs3,2.98
c1ccc2c(c1)CC[C@@H](O2)C(=O)Nc3ccc(cc3)C(F)(F)F,4.5
CC(C)(C)C(=O)CSc1nc(cc(n1)OC(=O)N(C)C)COC,3.33
Cc1cc(ccc1[N+](=O)[Or])C(=O)NCCc2c([nH]c3c2cccc3)C,4.12
c1cc(c(c(c1)Cl)[C@@H]2CC(=O)Nc3c2cc4c(c3)OCCO4)F,3.96
CSc1c(c(cs1)c2cccs2)C#N,3.69
c1ccc(c(c1)C(F)(F)F)NC(=O)NC2CCCCC2,4
CCn1c2c(nc1NC[C@H](c3ccccc3)O)n(c(=O)n(c2=O)C)C,3.24
Cc1c(nc2c(n1)c(nnc2N)N)C,1.14
c1ccc(cc1)N(c2ccccc2)c3nc(nc(n3)N4CCCC4)C#N,5.38
c1cc2c(cc1c3csc(n3)CC#N)OCCCO2,2.68
CC1(O[C@@H]([C@H](O1)C(=O)N(C)C)C(=O)N(C)C)C,1.49
COC(=O)[C@H]1[C@H](OC(O1)c2ccccc2)C(=O)OC,2.49
CCN(CC)c1ccc(c(c1)OC)C=C2C(=O)c3ccccc3C2=O,5.05
CC(C)(C)S(=O)(=O)/C(=C/Nc1ccc(cc1)OC(F)(F)F)/C#N,4.28
CCC[C@@H]1C(=O)C[C@@H](C(C1(C#N)C#N)(C#N)C#N)C(C)C,3.3
Cc1c(cccc1OCc2ccccc2)[N+](=O)[Or],4.41
CC12CCCC(C1)(CCC2)C(=O)N,2.73
Cc1c(c(c(c(c1C)C)CSc2nnc(n2C)CC#N)C)C,4.14
CCOc1nc(nc(n1)N2CCOCC2)C#N,2.46
Cc1cc(c(c(c1)C)[C@H]2[C@@H]3CCCC=C3C(=C(C2(C#N)C#N)N)C#N)C,5.48
C1COC2(O1)[C@@H]3[C@H]4C[C@H]5[C@@H]3C(=O)[C@@H]6[C@H]5[C@H]4[C@H]26,0.51
c1cc(ccc1C(=O)C2CC2)F,2.61
C[C@]1(OC[C@H](O1)Cn2cncn2)c3ccc(cc3Cl)Cl,3.68
Nc1nc3c(cc2sc(N)nc2n3)s1,1.56
C[C@@]1(CC[C@H](C1(C)C)C(=O)N2CCOCC2)C(=O)N3CCOCC3,2.46
Cc1nc(cs1)c2ccc(cc2)Cl,3.65
CN(C)/C=C/C(=O)c1ccc(cc1)C#Cc2ccccc2,4.69
CCCn1c(=O)c(cn(c1=O)c2ccccc2C)Br,2.82
Cc1cc2c(cc1OCC(=O)OC)occ(c2=O)c3csc(n3)C,3.9
Cc1ccc2c(nc(nc2c1)Nc3[nH]c(=O)c4c(n3)CCCC4)C,3.92
CCCCOc1ccc(cc1)/C=C/C(=O)NC(C)C,4.45
CCN(CC)S(=O)(=O)N1CCC[C@@H](C1)C(=O)NC2CCCCC2,3.58
CC(=CCCC1=NN([C@@](C1)(C)CCC=C(C)C)C=O)C,5.02
O=S(NC(C)c1ccccc1)(C)=O,1.8
CC[C@@]1(NC(=S)N2N1C(=S)N[C@@]2(C)CC)C,2.44
CCCc1c2c(n[nH]1)OC(=C([C@H]2c3ccsc3C)C#N)N,3.83
CC(C)(C)C(=O)Nc1ccc(cc1)NC(=O)C(C)(C)C,2.79
COC(=O)N[C@@H](C(=O)c1ccccc1)O,1.41
COc1ccc(cc1OC)c2nnc(s2)N,2.34
c1cc2c(cc1c3csc(n3)CC#N)OCCO2,2.92
c1ccc2c(c1)nc(s2)SCC(=O)c3cccs3,4.04
CC(C)[C@@H]1[C@@H]2CCCC=C2[C@@H]3CCCC[C@@H]3O1,5.87
c1ccc(cc1)Nc2ccccc2N,2.67
O1C(=CC=C1)C(=O)C(C(=CC(=O)C1=CC=CO1)SC)C,
CC(=O)c1cc2ccccc2o1,2.15
O=C(N2c3c(S(C(F)(F)F)=O)cccc3)c1ccccc1C2=O,3.3
CC1(OC(=O)C(=Cc2ccc(s2)[N+](=O)[Or])C(=O)O1)C,3.04
CCN(CC)C(=O)[C@]12CC[C@](C1(C)C)(C(=O)O2)C,2.66
O=C(C)/N=C2/Sc1c(N2N(C(C)=O)C(C)=O)nc(cccc3)c3n1,1.1
c1ccc2c(c1)nc3n2C=C(NN3)N/N=C/c4ccc(cc4)Cl,4.81
N12C(=O)C3=C(c4cccc(c42)CC1)OC(=O)C=C3OC(=O)C,
Cc1c(c(=O)oc2c1ccc(c2C)OC)C,3.45
Cn1c2ccccc2n3c1c(c4c3nc(c(n4)C#N)C#N)C#N,3.61
CC(C)OC(=O)c1ccc2c(c1)c3c([nH]2)CCCC3,4.97
COc1ccc(cc1)[C@@H]2CCCC[C@H]2O,2.85
CC1=C[C@@](CC(C1)(C)C)([C@@]2(CC(CC(=C2)C)(C)C)O)O,
Cc1cccc(c1C)NC(=O)NC(C)C,2.7
C1CC[C@@]2([C@H](C1)CCC(=O)O2)O,1.16
O1C(=O)C=C(c2c(cc(cc21)OC(=O)C)OC(=O)C)CCC,
Cc1cc(=O)oc2c1ccc(c2)OC(C)C,3.33
Cc1cc(ccc1O[C@@H](C)C(=O)NC2CCCCCC2)Cl,5.45
c1cnc(nc1)SCc2ccc(c(c2)Cl)Cl,4.33
C[C@@]1(CC(O[P@]1(=O)C)(C)C)O,0.71
COC(=O)/C=C/c1ccc(c(c1)OC(=O)OC)OC(=O)OC,
CC(C)(C)NC(=S)Nc1ccc(cc1)F,2.71
O1C[C@@]2(C(C=C(CC2C)C)C)CO[C@@H]1C(C)C,
CC1CC(C)=CC(C)C(CO)1CO,2.93
CC1(CC2=C(C(=O)C1)C3(CCC4(CC3)OCCO4)C(=C(O2)N)C#N)C,3.24
CCn1c(=O)c2c(c(sc2nc1SCc3ccccc3F)C)C,5.86
Cc1cc(n(n1)CCOC(=O)[C@H]2[C@@H](C2(C)C)C=C(Cl)Cl)C,4.76
Cc1cc2c3c(n(c(c3c(nn2c1)C)C)C4CCCCC4)C,
c1cc(sc1)C2=NN=C3[C@H]2[C@@H](C(=C(O3)N)C#N)C4CCCCC4,4.64
CC1CN(C3=C(/C=C(C#N)/C#N)C(N2C=CC=CC2=N3)=O)CC(C)O1,3.24
CCn1c(nnc1SCC(=O)NC(C)(C)C)C2CCCCC2,3.2
COc1ccc(cc1)CNC(=O)C2CCCC2,2.6
CC(C)(C)c1ccccc1NC(=O)c2cc(c(c(c2)OC)OC)OC,3.61
c1ccc(cc1)CS(=O)(=O)CC(=O)Nc2ccc3c(c2)OCCO3,3.19
CCCC(=O)N1CC2(CC(C1)(CN(C2)C(=O)CCC)C)C,2.69
COc1cc(cc(c1)C(=O)c2ccc(cc2)F)C(=O)c3ccc(cc3)F,4.89
Cc1ccnc(c1)N(C(=O)c2cc3c(s2)CCCC3)C(=O)c4cc5c(s4)CCCC5,5.76
CCc1cc(=O)oc2c1ccc(c2C)OCC(=O)OC(C)(C)C,4.52
CCN1c2ccc(c3c2c(ccc3)C1=O)S(=O)(=O)N(c4ccc(cc4)OC)C(=O)c5cccnc5,4.74
CCc1ccc(cc1)n2c(nnn2)SCC(=O)Nc3ccc(cc3)C(=O)C,4.69
CC(C)(C)OC(=O)N1CCC[C@H]1C(=O)Oc2ccc3c(c2)occ(c3=O)c4ccc(cc4)F,5.77
Cc1cc2c(cc1C)NC3=C([C@@H](N2)c4cc5c(cc4Cl)OCO5)C(=O)CC(C3)(C)C,4.38
CCOC(=O)C1=NN[C@@]2([C@@H]1C(=O)N(C2=O)c3cccc(c3)C(F)(F)F)c4cccc(c4)[N+](=O)[Or],4.73
CCOC(=O)c1c(c(sc1N2C(=O)[C@@H]3CC(=C(C[C@H]3C2=O)C)C)C)C,4.56
CCN1c2ccc(cc2/C(=C/3\C(=O)N(C(=S)S3)Cc4ccc(cc4)OC)/C1=O)Br,6.96
CCOc1cc(cc(c1OCC)OCC)C(=O)Oc2ccc3c(cc(=O)oc3c2)C,6.15
CCOC(=O)N1CCN(CC1)c2c3cc(cc(c3nc(n2)C(F)(F)F)C)C,5.92
Cc1c(cnn1C)CN(C)C(=O)c2cnn3c2N[C@H](C[C@@H]3C(F)(F)F)c4ccc(c(c4)OC)OC,4.25
Cc1ccc(c(c1)C)S(=O)(=O)N2CCCN(CC2)S(=O)(=O)c3ccc(cc3C)C,5.01
COc1cccc(c1)c2ccc3c(c(sc3n2)C(=O)Nc4ccc(c(c4)F)F)N,5.86
CCN(CC)C(=O)c1c(c(c(s1)NC(=O)[C@@H]2C[C@H]3CC[C@@H]2C3)C(=O)OCC)C,5.05
c1cc(sc1)[C@@H]2C[C@H](n3c(c(c(n3)C(=O)NCc4ccc(cc4)F)Br)N2)C(F)(F)F,5.54
N1(C(C2=C(CC(C3=CC=CO3)CC2=O)Nc2c1cccc2)c1cc(ccc1)[N+](=O)[Or])C(=O)c1ccccc1,
CCOC(=O)c1c(csc1/N=C/c2c(nn(c2O)c3ccccc3)C)CC(C)C,5.16
c1ccc(cc1)/C=C/C(=O)Nc2cccc(c2)NC(=O)c3cccc(c3)Cl,5.53
c1ccc(cc1)[C@@H]2C[C@H](n3c(cc(n3)C(=O)Nc4cccc(c4)Cl)N2)C(F)(F)F,5.92
Cc1ccc(cc1)N(CCOC(=O)c2ccc(cc2)S(=O)(=O)N3CCCCC3)C4=NS(=O)(=O)c5c4cccc5,5.58
CCOC(=O)CN1C(=O)[C@@H]([C@@H](C1=O)OC(=O)c2ccccc2)OC(=O)c3ccccc3,5
c1ccc(cc1)[C@@H]2CC3=C([C@H](C(=C(O3)N)C#N)c4ccccc4F)C(=O)C2,3.07
Cc1ccc(cc1)NCc2ccc\3n2CC/C3=C\4/Cn5c(ccc5C4=O)CNc6ccc(cc6)C,6.51
COC(=O)c1cccc(c1)NC(=O)c2cc(cc(c2)N3C(=O)c4ccccc4C3=O)C(=O)Nc5cccc(c5)C(=O)OC,6.09
COc1ccc(cc1)OCC(=O)N2CCN(CC2)C(=O)c3ccco3,2.76
CC(=O)Oc1cc(cc(c1OC(=O)C)OC(=O)C)C(=O)Nc2ccc(cc2)Oc3ccccc3,2.89
COc1ccc(cc1)Oc2c(=O)c3ccc(cc3oc2C(F)(F)F)OC(=O)N4CCOCC4,4.63
c1ccc(cc1)Cn2c3ccccc3c4c2nc(nn4)SCC(=O)OCN5C(=O)c6ccccc6C5=O,4.51
c1ccc(cc1)c2nn(c(=S)n2c3ccccc3)[C@@H]4CC(=O)[C@H]5OC[C@@H]4O5,3.65
Cc1cccc(c1NC(=O)C2(CCCCC2)N(Cc3ccco3)C(=O)c4ccc(cc4)NC(=O)C)C,4.62
COc1ccccc1N(CCOC(=O)[C@@H]2CC(=O)N(C2)c3ccccc3)C4=NS(=O)(=O)c5c4cccc5,2.5
c1ccc(cc1)c2nnc(n2c3ccccc3)SCC(=O)N4CCN(CC4)C(=O)c5ccccc5,4.64
c1ccc(cc1)CN\2C(=O)C[C@@H](S/C2=N\c3ccc(cc3)F)C(=O)Nc4ccccc4,6
CCCS(=O)(=O)c1c2cnccn2c(c1S(=O)(=O)CCC)C(=O)c3ccc(cc3)C,3.93
c1ccc(c(c1)COc2ccc(cc2)C3C4=C(CCCC4=O)OC5=C3C(=O)CCC5)F,4.92
CCOc1ccc(c(c1)OCC)C2=NN=C3[C@@H]2[C@@H](C(=C(O3)N)C#N)c4ccco4,4.48
CC1(CC2=C([C@H](C(=C(N2c3c(cccc3F)F)N)C#N)c4cccc(c4)Cl)C(=O)C1)C,5.04
COc1cc(cc(c1OC)OC)c2cc(n3c(n2)c(cn3)C(=O)OC)C(F)(F)F,4.08
CC1=CC(C(=C(N1c2ccc(cc2)C(=O)N)N)C#N)(C(F)(F)F)C(F)(F)F,4.41
COC(=O)c1c2c(sc1NC(C(F)(F)F)(C(F)(F)F)NC(=O)c3cccnc3)CCCCC2,5.75
CC1(CC2=C([C@@H](C(=C(O2)N)C#N)c3c4ccccc4cc5c3cccc5)C(=O)C1)C,4.99
COc1ccccc1Nc2nc(nc(n2)OCC(F)(F)F)OCC(F)(F)F,5.27
CC[C@@H](c1ccccc1)C(=O)N2CCCN(CC2)C(=O)[C@@H](CC)c3ccccc3,4.93
CCC(=O)N1[C@H](CC(=N1)c2ccc(cc2)C3=NN([C@H](C3)c4cccc(c4OC)OC)C(=O)CC)c5cccc(c5OC)OC,6.65
Cc1cc(nc(n1)S[C@@H]2CC(=O)N(C2=O)c3ccc(c(c3)OC)OC)C,2.95
Cc1ccc(cc1)S(=O)(=O)N(CCO)Cc2ccccc2,3.69
Cc1ccc(cc1C)n2c(=O)c3cc4c(cc3c2=O)c(=O)n(c4=O)c5ccc(c(c5)C)C,4.83
Cc1ccc(cc1)c2cc(n3c(n2)c(cn3)C(=O)N4CCSCC4)C(F)F,4.55
Cc1cccc(c1)N2C(=O)c3ccc(cc3C2=O)C(=O)c4ccc5c(c4)C(=O)N(C5=O)c6cccc(c6)C,
c1ccc2c(c1)C(=O)N(C2=O)c3ccccc3C(F)(F)F,3.55
CC(=O)N[C@@H](C(Cl)(Cl)Cl)Nc1c(c2c(s1)CCCC2)C(=O)OC,5.04
CCCS(=O)(=O)c1c2c3ccccc3ccn2c(c1S(=O)(=O)CCC)C(=O)c4ccccc4,4.48
c1ccc2c(c1)C(c3ccccc3O2)C(=O)NC4CCCC4,3.95
Cc1c(c(n(n1)CC(=O)Nc2c(c3c(s2)C[C@H](CC3)C(C)(C)C)C(=O)OC)C)[N+](=O)[Or],6.53
CCc1ccc(cc1)OCC(=O)NCCc2ccc(c(c2)OC)OC,4.22
COc1ccc(cc1)[C@@H]2CC3=C([C@H](c4c5ccccc5ccc4N3)c6ccc7c(c6)OCO7)C(=O)C2,5.77
O1c2c(ccc(c2)C=C2C(=O)C(=Cc3cc4c(cc3)OCO4)CCC2)OC1,
c1cc2c(cc1/C=C/C(=O)Nc3ccc4c(c3)OCO4)OCO2,3.72
CC(=O)Oc1cccc(c1)N2C(=O)c3ccc(cc3C2=O)C(=O)c4ccc5c(c4)C(=O)N(C5=O)c6cccc(c6)OC(=O)C,5.13
Cc1ccc(cc1Cl)NC(=O)CSc2nnc(o2)Cc3ccccc3,4.85
CCOc1ccc(cc1)NC=C(S(=O)(=O)c2ccc(cc2)C)S(=O)(=O)c3ccc(cc3)C,5.64
c1ccc(cc1)c2cc(n(n2)c3ccc(cc3)/C=N/n4cnnc4)c5ccccc5,5.58
N1C(=O)C(CC(=O)Nc2c(cccc2)NC(=O)CC2C(=O)Nc3ccccc3N2)Nc2c1cccc2,3.42
Cc1c(sc2c1c(=O)n(c(n2)SCC(=O)N3CCCC3)C4CCCCC4)C,5.16
COc1cccc(c1)Cn2cc(cn2)N,1.55
Cc1c(c(=O)n(n1C)c2ccccc2)NC(=O)[C@@H]3CCCCN3S(=O)(=O)c4ccc(cc4)Cl,3.89
CS(=O)(=O)c1ccc(c(c1)[N+](=O)[Or])SCC(=O)Oc2ccc(cc2)C3CCCCC3,6.08
Cc1ccccc1C(=O)N2CCN(CC2)c3ccc(cc3)NC(=O)c4c(cccc4OC)OC,4.16
Cc1cccc(c1)C(=O)Nc2ccc(c(c2)C)NC(=O)c3ccccc3,4.14
CC/C(=N\N=C/1\N(C(=O)[C@@H](S1)C)Cc2ccco2)/c3ccccc3,5.07
Cn1c(c(cn1)Cl)c2nc(no2)c3c(non3)N,2.77
C1[C@@H]2C=C[C@H]1[C@H]3[C@@H]2[C@@H]4CO[C@H](C3=O)O4,1.48
COc1cc(c(cc1Cl)OC)n2c(=S)n(nn2)[C@@H]3CC(=O)[C@H]4OC[C@@H]3O4,
Cc1c(c2ccccc2n1CC=C)C=C3C(=O)OC4(CCCCC4)OC3=O,4.62
CC1(CC2=C(C(C3=C(N2c4ccc(cc4)OC)CC(CC3=O)(C)C)c5ccc6c(c5)OCO6)C(=O)C1)C,5.72
CCn1cc(c(n1)C)C2C3=C(CC(CC3=O)(C)C)N(C4=C2C(=O)CC(C4)(C)C)c5ccc(cc5)C,5.35
c1ccc(cc1)Oc2ccc(cc2)NC(=S)N3CCN(CC3)C(=O)[C@H]4CCCO4,4.18
COC(=O)CC1=C([C@@]2(c3ccccc3NC2=O)C(=C(O1)N)C(=O)OCc4ccccc4)C(=O)OC,4.25
C[C@@H]1C=CC[C@H]2[C@@H]1C(=O)N(C2=O)c3cccc(c3)C(=O)OCC(=O)c4ccc(cc4)Br,5.29
COc1ccc(cc1COCC(F)(F)F)[C@@H]2[C@@H]3CCCC=C3C(=C(C2(C#N)C#N)N)C#N,5.5
CCN(CC)C(=O)c1c(c(c(s1)NC(=O)c2cc(cc(c2)OC)OC)C(=O)OC)C,5.47
c1cc(sc1)[C@@H]2C[C@H](n3c(c(c(n3)C(=O)N4CCCC4)Br)N2)C(F)(F)F,4.47
N1(c2ccccc2)C(=O)C(Sc2c(c(c(c(n2)N)C#N)c2ccc(cc2)C)C#N)C(=N1)C,4.99
CCc1c(c(=O)n2c(c(sc2n1)C#N)N)C#N,2.09
CSc1ccc(cc1)[C@@H]2[C@H]3[C@@H](C(=O)N(C3=O)c4cccc(c4)C(F)(F)F)ON2c5ccccc5,5.98
C#Cc1cccc(c1)NC(=O)c2cc(cc(c2)N3C(=O)c4ccccc4C3=O)C(=O)Nc5cccc(c5)C#C,6.85
Cc1ccc(c(c1)NC(=O)[C@H]2CC3c4ccccc4C2c5c3cccc5)C,5.26
c1cc(c(c(c1)F)C(=O)N2CCCC2)F,1.88
C[C@H](C(=O)N)OC(=O)c1cccc(c1)C(F)(F)F,2.75
CCOC(=O)c1cnn(c1N)C(=O)c2cnn(c2C(F)(F)F)c3ccc(cc3)[N+](=O)[Or],3.53
O=C(N3CCCN(c4ncc(C(F)(F)F)cc4)CC3)c1sc(cccc2)c2c1,4.92
c1ccc2c(c1)CC(C2)n3c(nnc3SCC(=O)c4ccc5c(c4)OCCO5)OCC(=O)c6ccc(cc6)F,5.47
Cc1ccc(cc1)N2CC(=O)N(CC2=O)/N=C/c3cn(nc3c4ccc(cc4)Cl)c5ccccc5,6.14
CSc1c(c(n2c(n1)c(c(n2)SC)C#N)c3ccc(cc3)Cl)C#N,5.51
CN1c2ccccc2rc3c(c(sc3C(=O)N4CCOCC4)SC)S1(=O)=O,3.11
Cc1cccc(c1C)NC(=O)CSc2ccccn2,3.19
CSc1cr2c(c(s1)C(=O)Nc3ccc(cc3)Cl)CCc4c2nc(nc4)SC,5.87
CCOC(=O)C1=C(C(=O)N(C1)C(C)(C)C)Nc2ccc(cc2)OC(=O)Nc3ccc(cc3)OC(F)(F)F,6.72
Cn1c(nnc1SCc2cc(cc(c2)F)F)c3ccc4c(c3)non4,3.68
C[C@]12c3cc(c(cc3CCN1C(=O)OC24CCCCC4)OC)OC,3.47
CC1=C(C[C@H]2[C@H](C1)C(=O)N(C2=O)c3cccc(c3)Br)C,3.93
c1ccc(cc1)S(=O)(=O)N2CCN(CC2)C(=O)c3cccnc3,2.3
CCc1ccc2c(c1)cc3c(n2)c4c(n(c(=O)n(c4=O)C)C)n(c3=O)c5ccccc5,4.31
CCOC(=O)C1=C(NC(=O)N[C@H]1c2ccc(o2)c3cc(cc(c3)C(F)(F)F)C(F)(F)F)C,6.04
CCOC(=O)/C(=C(\C)/Nc1ccc(cc1)F)/[C@H]2CC(=O)N(C2=O)c3cc(on3)C,
c1cc(ccc1c2nc(on2)C(F)(F)F)c3nc(on3)C(F)(F)F,6.06
Cc1c(c(n(n1)c2ccccc2)C)c3nnc(o3)c4c(nn(c4C)c5ccccc5)C,5.56
Cc1cc(n(n1)c2ccc(cc2)n3cccc3/C=C(\C#N)/S(=O)(=O)C)C,4.25
N1(N=C(CCC)C(C1=O)Cc1c(cccc1Cl)F)C(=O)C=CC1=CC=CS1,
c1cc(sc1)/C=C/C(=O)Nc2ccc(cc2)I,4.67
Cc1cccc(c1)NC(=S)Nc2ccc(cc2NC(=S)Nc3cccc(c3)C)C,
CC(C)(C)c1cc(n(n1)Cc2ccccc2)c3nc(no3)c4ccc(cn4)C(F)(F)F,6.58
c1ccc2c(c1)cn(n2)c3ccc(cc3)C(F)(F)F,4.42
CCCN(CCC)S(=O)(=O)c1ccc(cc1)C(=O)N2CC[C@@H]3c4ccccc4C(=O)N3C2,4.55
C[C@H]1CN(C(NS(=O)(c2cc(C(F)(F)F)cc(C(F)(F)F)c2)=O)=N)C[C@@H](C)O1,4.43
Cc1cc(n(n1)C2=NCCN2S(=O)(=O)c3cc(cc(c3)C(F)(F)F)C(F)(F)F)C,4.7
CCOC(=O)N1CC=C2[C@H](C1)C(=C(C(=C2C#N)N)C#N)c3cccs3,
CN1c2ccc(c3c2c(ccc3)C1=O)S(=O)(=O)N(c4ccc(cc4)OC)C(=O)C5CCCCC5,5.26
c12c(non1)NC3C(N2)Nc4c(non4)N3,0.3
CC(=O)Oc1ccc(cc1OC)/C=C(/C(=O)Nc2cccc(c2)CO)\NC(=O)c3ccccc3,4.04
COc1cccc(c1)NC(=O)CSc2nnc3n2cccc3,2.45
c1ccc(c(c1)[C@H]2[C@@H]3CSCC=C3C(=C(C2(C#N)C#N)N)C#N)Cl,4.5
CC[C@@H]1CCCCN1C(=O)[C@H]2CC(=NO2)c3cc(c(cc3OC)OC)Cl,4.55
CCc1ccc(cc1)N2[C@H]3CS(=O)(=O)C[C@@H]3N(C2=S)CC=C,2.86
c1ccc2c(c1)C3c4ccccc4C2[C@@H]5[C@H]3C(=O)N(C5=O)c6nccs6,3.83
c1ccc(cc1)C(=O)c2ccc(c(c2)F)N3CCN(CC3)C(=O)c4c(cccc4F)F,5.14
Cc1cccc(c1NC(=O)CSc2nnnn2c3ccc(cc3)OC(F)(F)F)C,4.82
CC(C)CC(=O)N1c2c(cccc2OC)rc3c(ssc3=S)C1(C)C,5.09
Cc1nc2c(c(n1)N(C)C)sc(=S)n2c3ccccc3,3.62
CCOC(=O)C1=C(N2C(=O)[C@@H](SC2=C([C@H]1c3ccc(cc3Cl)Cl)C(=O)OCC)C)N,5.49
Cn1c2c(c(=O)n(c1=O)C)n(c(n2)SCC(=O)NCCc3ccc(c(c3)OC)OC)Cc4ccccc4F,4
CCOC(=O)C1CCN(CC1)S(=O)(=O)c2nc3nc(cc(n3n2)C)C,2.71
Cc1ccc(cc1Br)N[C@@H]2[C@@H]([C@@H]([C@H]([C@@H](O2)CO)O)O)O,2.28
COc1ccc(cc1)S(=O)(=O)n2c3ccccc3n(c2=O)S(=O)(=O)c4ccc(cc4)OC,5.22
BrC1=CC=C(/C=C3\SC2=NC(N(C)C(N4C)=O)(C6=CC=CC=C6)C4(C5=CC=CC=C5)NN2C3=O)C=C1,5.72
c1ccc(cc1)n2c(=O)n(n(c2=O)CC(=O)N3CCCCC3)CC(=O)N4CCCCC4,2.78
c1ccc(cc1)Sc2c(c(=O)n3ccccc3n2)/C=C\4/C(=O)N(C(=S)S4)C[C@H]5CCCO5,5.87
CC(=O)OC([C@@]12C=C[C@@H](O1)[C@@H]3[C@H]2C(=O)N(C3=O)c4ccc(c(c4)C(=O)OC)Cl)OC(=O)C,3.77
CC[C@H](C(=O)Oc1ccc2c(c1)oc(=O)c3c2CCCC3)NS(=O)(=O)c4ccc(cc4)C,3.08
Cc1cc2c(cc1C)NC3=C([C@@H](N2)c4cc(c(c(c4)OC)OC(=O)C)OC)C(=O)CC(C3)(C)C,4.21
CC1=CC(N2c3c1cc(cc3/C(=C/4\C(=O)N=C(S4)NC(=O)C)/C2=O)OC)(C)C,4.62
CC4=C(C(c2cccs2)C3=C(CCCC3=N4)O)C(N1CCCCC1)=O,3.37
CC(=O)Nc1ccc(cc1)OCc2cc(ccc2OC)[C@@H]3Nc4ccccc4C(=O)N3c5ccccc5,4.65
CCCCC(=O)NC1C2CC3CC(C2)CC1C3,3.8
CC1=NC2=C([C@@H](C1C(=O)OCCc3ccccc3)c4ccc(cc4)Cl)C(=O)CCC2,5.48
Cc1ccc(cc1)C(=C2[C@@H]3C=C[C@H]2[C@@H]4[C@H]3C(=O)N(C4=O)c5cccc(c5)C(=O)C)c6ccc(cc6)C,6.25
c1ccc(c(c1)NC(=O)COc2ccc(cc2[N+](=O)[Or])C(F)(F)F)Br,5.16
CCOC(=O)c1c(nc(c(c1c2ccccc2)C#N)SC[C@]3(CCCC[C@@H]3SC)O)C,6.01
Cc1c2cc(ccc2oc1C(=O)Nc3ccc(cc3)S(=O)(=O)N4CCCCCC4)F,5.68
COC(=O)c1ccc(cc1)[C@@H]2C3=C(C[C@@H](CC3=O)c4ccco4)Nc5ccccc5N2C(=O)C6CC6,4.44
c1cccr2c(c1)CC3(CCCCC3)c4c2nc(n(c4=O)Cc5ccco5)SCC(=O)N,5.45
c1ccc2c(c1)C(=O)N(C2=O)c3cccc(c3)C(=O)OCC(=O)c4ccc(cc4)F,4.68
Cc1nccn1S(=O)(=O)c2ccc(cc2)Cl,2.93
Cc1ccc(cc1)N([C@@H]2CS(=O)(=O)C=C2)C(=O)c3cc(c(c(c3)OC(=O)C)OC(=O)C)OC(=O)C,
c1cc(c(cc1N2C(=O)[C@H]3CC=CC[C@@H]3C2=O)C(=O)N)N4CCCCC4,3.68
CC(=O)Oc1ccc(cc1)C(=O)Nc2cccc(c2)C(=O)c3cccc(c3)NC(=O)c4ccc(cc4)OC(=O)C,5.34
Cc1ccc(cc1)N2[C@@H](Nc3ccccc3C2=O)c4cccc(c4)[N+](=O)[Or],4.18
N1(C(=O)c2c(cccc2[N+](=O)[Or])C1=O)CC(=O)Oc1ccc2c(c1)OC(=O)C=C2C,
O=C(N2/N=C/c3c(Cl)ccc([N+]([Or])=O)c3)c1ccccc1C2=O,4.03
Cc1ccc(c(c1)C(=O)c2ccccc2)NC(=O)c3ccc(cc3)S(=O)(=O)N4CCOCC4,4.54
CC1=C([C@H](C(=C(N1)SCC(=O)c2ccc(cc2Cl)Cl)C#N)c3cccs3)C(=O)C,5.25
CC1=NC2=C([C@H](C1C(=O)OC[C@@H]3CCCO3)c4cccc(c4)OC)C(=O)CCC2,3.62
c1c(cc(cc1C(=O)N)NC(=O)c2cc(cc(c2)C(F)(F)F)C(F)(F)F)C(=O)N,3.87
COc1ccccc1N2C(=O)c3ccc(cc3C2=O)C(=O)Nc4ccc(cc4)c5nnc(o5)c6ccccc6,6.17
CC1=C([C@@H](C2=C(N1)CC(CC2=O)(C)C)c3cc(ccc3Cl)[N+](=O)[Or])C(=O)OC[C@@H]4CCCO4,4.53
CC[C@H](C(=O)c1ccccc1)OC(=O)CNC(=O)c2ccc(cc2)N3C(=O)c4ccccc4C3=O,4.15
CCC(=O)N1c2ccccc2NC3=C([C@H]1c4ccc(o4)c5ccc(cc5Cl)[N+](=O)[Or])C(=O)CC(C3)(C)C,5.55
Cc1ccnc(c1)N2C(=O)c3ccc(cc3C2=O)C(=O)c4ccc5c(c4)C(=O)N(C5=O)c6cc(ccn6)C,
CC1=C([C@@H](C(=C(N1)SCC(=O)Nc2ccccc2)C#N)c3ccccc3Cl)C(=O)C,4.97
c1cc2c(cc1c3ccc4c(c3)C(=O)N(C4=O)CCO)C(=O)N(C2=O)CCO,3.19
COc1ccc(cc1)NC(=O)c2cc(cc(c2)NC(=O)c3ccccc3)C(=O)Nc4ccc(cc4)OC,5.59
Cc1ccccc1N2[C@@H]([C@@H]3[C@@H](O2)C(=O)N(C3=O)c4c(c5c(s4)CCCC5)C#N)c6ccc(cc6)OC,5.83
CC[C@@H]1CCc2c(sc(c2C(=O)OCC)NC=C3C(=O)N(C(=O)N(C3=O)C)C)C1,5.76
CCOc1cc(ccc1OC(C)C)[C@H]2[C@@H]3CN(CC=C3C(=C(C2(C#N)C#N)N)C#N)C(=O)OC(C)(C)C,5.83
Cc1ccc(cc1)S(=O)(=O)/N=C\2/N(C(=O)C(=CN(C)C)S2)C3CCCCC3,4.75
CCOc1ccc(cc1OCC)C[C@H]2c3cc(c(cc3CCN2C(=O)c4c(ncs4)C)OCC)OCC,4.98
CC1(OC[C@@H](O1)COc2c(c(nc(c2Cl)F)N3CCOCC3)F)C,4.07
COc1cccc(c1)C2=NN=C3[C@@H]2[C@H](C(=C(O3)N)C#N)c4cc(c(cc4Br)OC)OC,4.52
CCNC(=O)/C(=C/c1cn(nc1c2cccs2)c3ccccc3)/NC(=O)c4ccccc4,4.64
COC(=O)c1ccc(cc1)N([C@H]2CS(=O)(=O)C=C2)C(=O)C(F)(F)F,2.05
Cc1cccn2c1nc(c(c2=O)C=O)NC,2.68
CC(NC(SC1=C2)=NC1=CC3=C2N=C(S3)NC(C)=O)=O,3.13
O=C(C(F)(F)F)N2C(c3occc3)C(C(CC(c5cc([N+]([Or])=O)ccc5)C4)=O)=C4Nc1ccccc12,4.68
COc1ccc(C5CC3=C(C(C5)=O)C(c4cc(OC)c(OC)c(OC)c4)N(C(C(F)(F)F)=O)c2c(N3)cccc2)cc1,4.87
Cc1ccc(cc1N2C(=O)[C@H]3[C@H]4C=CC=NN4[C@@H]([C@@H]3C2=O)C(=O)C(C)(C)C)[N+](=O)[Or],3.85
c1ccc2c(c1)nc3c(n2)n(c(n3)c4ccc(cc4)[N+](=O)[Or])C[C@@H]5CCCO5,3.75
CCOC(=O)c1c(c2c([nH]1)CCC(=C2Cl)C=O)C,3.92
c1ccc(cc1)S(=O)(=O)c2c3c(nc(c(n3)C#N)C#N)n(c2N)Cc4ccc(cc4)F,4.86
CCOCCOC(=O)[C@H](C)n1cnc2c(c1=O)c3c(s2)C[C@H](CC3)C,4.25
Cc(nnc12)n1c(cc(Cl)cc3)c3n(CCNc4ncc(C(F)(F)F)cc4Cl)c2=O,4.57
Cc1ccc(n1c2ccc(cc2)c3ccnc4n3ncn4)C,3.5
COc1ccc(cc1OC)C(=O)/C=C/Nc2ccc(c(c2)C(F)(F)F)Cl,5.31
COC(=O)/C=C/CN1C(=O)c2ccccc2C1=O,2.46
C[C@H](c1ccccc1)NC(=O)C2CCN(CC2)C(=O)c3ccc(cc3)F,3.48
C[C@@]1([C@H]2NC(=S)N(N2C(=S)N1)c3ccc(cc3)Cl)c4ccc(cc4)Cl,4.94
CN(C)C(=C(C#N)C#N)/C=C/Nc1cc(cc(c1)Cl)Cl,1.59
O=C(Nc(cc4c(CCCC4=O)n2CCNc3ncc(C(F)(F)F)cc3Cl)c2=O)c1ccc(Cl)cc1,5.83
c1cc(sc1)C[C@H](C#N)c2c(cc(cn2)C(F)(F)F)Cl,4.09
C[C@H](C(=O)c1cn(nn1)c2ccc(cc2)OC(F)(F)F)Oc3ccc(cc3F)F,5.83
CCO[C@@]([C@@H]1[C@@H]4[C@@H](C(N(N(c5ncc(C(F)(F)F)cc5Cl)C)[C@]4=O)=O)[C@](C3=C(O)c2c(C3=O)cccc2)=N1)=O,4.38
Cc1c(c(=O)ccn1Cc2ccc(cc2)Cl)OCc3c(cccc3Cl)F,5.63
Cc1cc(nc(n1)N(C(=O)C)C(=O)C)n2c(cc(n2)c3ccc4ccccc4c3)C(F)(F)F,
CC1(CC2=C([C@@H](C(=C(O2)N)C#N)c3ccc(cc3)C(F)(F)F)C(=O)C1)C,4.55
CCOc1ccc(cc1OCC)CC(=O)C2=C(CCCC2=O)N3CCCC3,3.3
Cc1c(c2c(s1)[C@H](C(=C(O2)N)C#N)c3cc(cs3)Br)C(=O)OC,5.06
COc1cc(c(cc1OC)NC(=O)COc2c(non2)N3CCOCC3)C(=O)OC,4.49
CN(C)c1nc(nc(n1)N)COC(=O)c2ccc(cc2)n3cnnc3,2.74
COc1ccc(c(c1)OC)[C@@H]2CC(=O)N(C3=C2C(=O)CCC3)c4c(c5c(s4)CCCC5)C#N,4.55
COc1cccc(c1)OCCn2c(=O)c3cc4c(cc3c2=O)c(=O)n(c4=O)CCOc5cccc(c5)OC,5.43
CC(C)(C)C(=O)[C@H]1[C@@H](C([C@@H]2N1c3ccccc3C=C2)(C#N)C#N)c4ccsc4,3.37
CC1=C([C@H](C2=C(N1)C[C@@H](CC2=O)c3cccs3)c4ccc5c(c4)OCO5)C(=O)OCCc6ccccc6,5.44
CC1=C([C@H](C2=C(N1)C[C@H](CC2=O)c3ccccc3OC)c4ccc(cc4)OC(=O)C)C(=O)OC5CCCC5,5.81
CCOc1cc(c(cc1OCC)NC(=O)c2cc(c(cc2Cl)Cl)S(=O)(=O)N3CCOCC3)C#N,4.31
O=c1cc(CO)oc2c1OC(N)=C(C#N)C2c3c(OCc4ccccc4Cl)cccc3,4.34
CC(C)CNc1nc(nc(n1)SCC(=O)OC)N2CCOCC2,3.75
Cc1ccccc1C(=O)N[C@H](C(Cl)(Cl)Cl)NC(=S)Nc2ccccc2OC,3.95
CC1=C(C(C(=C(N1)C)C(=O)OC)c2cn(nc2c3cccc(c3)[N+](=O)[Or])c4ccccc4)C(=O)OC,5.04
Cc1c(c(=O)n(n1C)c2ccccc2)N[C@H](C(Cl)(Cl)Cl)NC(=O)c3cccc(c3)[N+](=O)[Or],3.99
C[C@H]1CN(C[C@@H](O1)C)C(=O)c2cc(nc3c2cccc3)c4ccc5c(c4)OCO5,4.19
CCC(=O)OCCN1C(=O)c2ccc(cc2C1=O)C(=O)c3ccc4c(c3)C(=O)N(C4=O)CCOC(=O)CC,
Cc1ccc(cc1C)n2c(cc(=O)cc2C)C,2.95
CCc1cccc(c1N([C@@H](C)COC)C(=O)Cn2c3ccccc3nc2[C@@H](C)O)C,4.48
Cc(cc2c1C(c3cc(OC)c(OC)c(OC)c3)C(C#N)=C(N)O2)[nH]c1=O,2.55
c1ccc(cc1)C(=O)N2CCCC[C@H](C2=O)Sc3nnc4n3cccc4,3.14
N1(C(=O)C2C3c4c(cccc4)C(C2C1=O)c1c3cccc1)CCOC(=O)c1ccc(cc1)S(=O)(=O)N(CCC)CCC,4.17
Cc1ccc(c(c1)C)NC(=O)c2c(ccc(c2OC)Cl)Cl,4
CCOC(=O)c1c(sc(n1)N)C,1.74
COc1ccc(cc1)N2[C@@H](C(C(=C2N)C#N)(C#N)C#N)c3cccc(c3)[N+](=O)[Or],
c1ccc(cc1)C(=O)Oc2ccc3cc(c(=O)oc3c2)c4nc5ccccc5s4,5.7
CC(C)CCn1c2c(nc1NCCO)n(c(=O)n(c2=O)C)C,2.93
O=C(OC)C1=CC=C(C2C(C(OCC)=O)=C(N)N(C(/C(S4)=C/C3=CC=C(C(OC)=O)C=C3)=O)C4=C2C(OC)=O)C=C1,6.95
c1cc(ccc1CON2[C@H]3CCCC[C@@H]3N(C(=O)C2=O)OCc4ccc(cc4)Br)Br,5.49
Cc1cc(c(n1CCOC)C)C(=O)CSc2c3c(c(sc3ncn2)C)C,4.59
C[C@@H]1CCc2c(sc3c2c(ncn3)SCC(=O)Nc4cc(ccc4C(=O)OC)C(=O)OC)C1,5.79
Cc1ccc(cc1C)NC(=O)[C@@H]2CCCN2C(=O)OC(C)(C)C,3.9
CC(=O)[C@@]1(CC[C@@H]2[C@]1(CC[C@H]3[C@@H]2CCC4=CC(=CC[C@@]34C)NOCC(=O)N[C@@H](c5ccccc5)C(=O)OC)C)O,6.27
CCCC[C@]1(NC(=S)N(N1)c2ccc(cc2)C)c3ccccc3,5.1
C1CCc2c(c3c(nc(nc3s2)SCC(=O)N(CCO)CCO)N)C1,3.2
Cc1cc2c(c(c1C)[N+](=O)[Or])nsn2,2.64
CCOP(=O)(Cc1ccc(o1)CP(=O)(OCC)OCC)OCC,3.25
COc1ccc(cc1)/N=C/c2ccc(cc2)/C=N/c3ccc(cc3)OC,5.24
CCOP(=O)(C(C)(C)OC(=O)NC(F)(F)F)OCC,
CCCc1c2c(n[nH]1)OC(=C([C@@]23c4ccccc4N(C3=O)CC(=O)N)C(=O)OC)N,4.48
c1ccc2c(c1)ncc(n2)c3cccc(c3)NC(=O)c4cccs4,4.34
c1ccc(cc1)N2[C@@H]([C@@H]3[C@H](O2)C(=O)N(C3=O)c4ccc(cc4)Cl)c5ccccc5OS(=O)(=O)c6ccccc6,6.47
CCCC(=O)OCC(=O)Nc1ccc(cc1Cl)F,3.02
c1ccc2c(c1)/C(=C/3\C(=O)N(C(=S)S3)Cc4ccco4)/C(=O)N2CC(=O)Nc5ccc(cc5)F,6.36
Cc1ccccc1c2nc(on2)CCl,3.3
c1ccc(cc1)CSC[C@@H]2C(=O)N(C(=S)N2)C3CCCCC3,4.58
CCOC(=O)N1CCN(CC1)C(=O)c2ccc(cc2)N3C(=O)[C@H]4CCCC[C@@H]4C3=O,3.74
CC(C)CCn1c2c(nc1NCCO)n(c(=O)n(c2=O)C)C,5.36
COc1ccc(c(c1)NC(=O)c2ccc(cc2)NC3=C(C(=O)N(C3=O)C4CCCCC4)Cl)OC,5.96
N1(C(=CC=CC(=O)C(F)(F)F)C(c2c1cccc2)(C)C)C,4.41
CC(=O)OCCC1=CC[C@H]2C[C@@H]1C2(C)C,
C[C@H]1CCc2c(sc(n2)NC(=O)c3ccc(c(c3)F)F)C1,4.79
CC1(C(=NC(=S)N1c2ccc(cc2)OC)N[C@@H]([C@H](n3cncn3)Oc4ccc(cc4)Cl)C(C)(C)C)C,5.56
c1cc(ccc1c2nc(nc(n2)N)N)Oc3ccc(cc3)Oc4ccc(cc4)c5nc(nc(n5)N)N,
C1(=C(NC(=C(C1c1sccc1)C#N)SCCCCCC)C)C(Nc1c(cccc1)OC)=O,6.28
C1C=C[C@@H]2[C@H]1[C@@]3(C(=C([C@]2(C3(Cl)Cl)Cl)Cl)Cl)Cl,5.69
Cc1c(c(=O)n(n1C)c2ccccc2)N/C=C\3/c4ccc(cc4C(=O)N(C3=O)Cc5ccco5)OC,4.66
CCCCC(=O)Nc1ccc(c(c1)[N+](=O)[Or])F,3.04
CCO/C(O)=C/c2nc1nonc1nc2O,1.61
COc1cc(cc(c1OC)OC)/C=C/2\CCC/C(=C/c3cc(c(c(c3)OC)OC)OC)/C2=O,
CCC(=O)N1c2ccccc2rc3c(nc(nn3)SC)O[C@H]1c4ccc(c(c4)OC)OCC,3.95
CC[C@@H](C#C[C@](C)(CCC=C(C)C)O)O,
c1c(cc2c(c1)OCO2)/C=C/C(=O)NCCCCNC(=O)/C=C/c3cc4c(cc3)OCO4,4.59
COc1cc(cc(c1)OC)C(=O)Oc2ccc(cc2)C(=O)OC,4.64
COc1ccc(cc1CSc2ccccn2)[C@H]3C(=C(N(C4=C3C(=O)CCC4)c5ccccc5C(F)(F)F)N)C#N,5.45
S1(=O)(=O)N(C(=O)c2ccccc21)CC(=O)NC(P(=O)(OCC)OCC)C(Cl)(Cl)Cl,
CC(C)C(=O)N[C@@H](C(Cl)(Cl)Cl)Oc1ccc(cc1)C=O,3.68
CC(C)[C@@H](C(=O)Nc1nc(cs1)c2ccc(cc2)S(=O)(=O)N3CCOCC3)N4C(=O)c5ccccc5C4=O,5.32
CC(C)OC(=O)C1=C(OC(=C([C@@H]1c2ccncc2)C#N)N)CSc3c(cc4c(n3)CCCCC4)C#N,5.43
CCCCC1(OC(=O)C(=Cc2ccc3c(c2)OCO3)C(=O)O1)C,
Cc1ccsc1/C=C/2\C(=O)N(C(=O)S2)CC(=O)N3CCCCC3,
Cc1ccccc1OCC(=O)NCCNC(=O)COc2ccccc2C,4.25
CC(=O)N1CC(=O)N(C1=S)CC(=O)N(Cc2ccccc2)c3nc(cs3)c4ccccc4,4.43
COc1cc(cc(c1OC)OC)[C@@H]2C3=C(CCCC3=O)N(C(=C2C(=O)c4ccccc4)N)c5ccccc5C(F)(F)F,4.51
Cc1nnc(s1)N2[C@@H](c3c(=O)c4ccccc4oc3C2=O)c5cccc(c5)OCC=C,4.52
CCOc1cc(cc(c1OCC#C)I)C=C2C(=O)N(C(=S)N(C2=O)C)C,3.72
COc1nc(nc(n1)Cl)Nc2ccccc2,2.89
c1cc(cc(c1)Oc2ccc3c(c2)C(=O)N(C3=O)CCO)Oc4ccc5c(c4)C(=O)N(C5=O)CCO,4.61
Cc1cccc(c1)n2c(cn3c2nc4c3c(=O)n(c(=O)n4C)C)c5cccc(c5)OC,4.16
CCc1ccc(cc1)c2csc(n2)/C(=C/Nc3ccc4c(c3)OCO4)/C#N,6.59
CCN(c1nnc(s1)c2ccc(cc2)Cl)C(=O)CN3C(=O)[C@@H]4CCCC[C@@H]4C3=O,4.91
Cc1c2c(n(c(c2c(nn1)C)C)[C@H](C)c3ccc(cc3)OC)C,3.43
C[C@@H]1CCCN(C1)c2nc3c(n2CCSc4nc5ccccc5s4)c(=O)n(c(=O)n3C)C,5.05
c1ccc(cc1)COC(=O)CSc2c(c(sn2)SCC(=O)OCc3ccccc3)C#N,5.6
c1cc(sc1)/C=C/2\C(=O)N(C(=S)S2)CCCCCC(=O)N3CCOCC3,4.92
Cc1c(c(=O)c2ccc(cc2o1)OCC(=O)OCC=C)c3ccc(cc3)Cl,4.84
CCc1cc2c3c(c1)[C@@]4(C(=C(OC5=C4C(=O)CC(C5)(C)C)N)C#N)C(=O)N3C(C=C2C)(C)C,5.39
CCCSc1nc2c(c(=O)n1c3ccc(cc3)Br)SCC2,4.61
CCCCCC(=O)NC1(CCCC1)CCC,4.28
CCOC(=O)C1=C(OC(=C([C@H]1c2cccc(c2)I)C#N)N)C,4.48
CCCCN1[C@H]2[C@@H](N(C1=O)C)N(C(=O)N2C)CCCC,2.69
Cc1c(sc(n1)SCCOc2ccccc2)C(=O)C,3.86
c1ccc(cc1)[C@H]2[C@@H]3[C@@H](C(=O)N(C3=O)c4ccccc4)C5(O2)C(=O)c6ccccc6C5=O,4
CCc1ccc(cc1)[C@@H]2C(=C(N=C3N2C(=O)CCS3)C)C(=O)OC(C)C,4.75
Cc1cc2c(c(=O)o1)[C@H](C(=C(O2)N)C#N)c3cccc(c3F)F,3.1
c1(c(c(nc(c1F)F)F)F)NN,0.86
c1ccc(cc1)/C=C/C(=O)Nc2ccc(cc2)N3CCN(CC3)C(=O)c4cccs4,4.94
CCOc1cc(ccc1OCc2ccc(cc2)Cl)[C@@H]3C(=C(NC(=S)N3)C)C(=O)OCC,5.31
Cc1cc(c(n1C[C@@H]2CCCO2)C)C(=O)COC(=O)c3ccc(cc3OC)OC,4.18
Cc1c2c(nc3n(c2=O)CCCCC3)sc1C(=O)N4CCN(CC4)S(=O)(=O)c5ccccc5,4.13
CC(=C)CSc1nnc(n1C2CCCC2)c3cccc(c3)S(=O)(=O)N4CCOCC4,4.73
c1cc(sc1)c2nnc(o2)SCC(=O)NCCN3C(=O)CSC3=O,2.31
Cn1c2ccccc2nc1[C@@H](C#N)C(=O)[C@H](c3ccccc3)Sc4ccccc4,5.28
c1cc(ccc1NC(=O)c2ccc(o2)COc3ccc(cc3)I)OC(F)F,5.99
Cc1ccc(cc1)CN2C(=O)/C(=C/[C@H]3CCC=CC3)/SC2=S,6.26
c1ccc(cc1)CCNC(=O)c2ccc(cc2)Cl,3.71
c1cc(cc(c1)S(=O)(=O)N2CCOCC2)C(=O)N3CCN(CC3)c4cccc(c4)Cl,4.34
Cc1c2c(nc3n(c2=O)NC(=CS3)c4cc5ccccc5oc4=O)sc1C(=O)Nc6ccccc6OC,
CC(=O)c1ccc(cc1)NC(=O)CNC(=O)CNC(=O)[C@H]2[C@H]3[C@@H]([C@@H]4[C@H](O2)OC(O4)(C)C)OC(O3)(C)C,3.39
Cc1cccc(c1NC(=O)Cn2cc(c3c2cccc3)C(=O)C4CC4)C,3.47
CCOC(=O)c1c2c(sc1NC(=O)CSc3nnc(s3)C)CCCCC2,5.03
Cc1ccc(c(c1)C)N(C[C@@H](Cn2c3ccccc3c4c2cccc4)O)S(=O)(=O)C,5.56
CC1CCC2(CC1)N=C(C(=O)N2CC(=O)Nc3ccc4c(c3)OCCO4)c5ccccc5,5.07
CC(C)CN1C(=O)/C(=C/[C@H]2CCC=CC2)/SC1=S,6.66
C[C@@]12CC[C@H]3[C@@]1(CO[C@@]2(C3)C(=O)NCC(F)(F)F)C,3.11
Cc1c(c(cc(c1C)Br)C(=O)NCCCOC)C,2.93
C=CCN2C1=C(OC)C=CC=C1S/C2=N\C(C3=CC(OC)=C(OC)C(OC)=C3)=O,5.14
CC[C@@H]1CCCCN1C(=O)COc2cccc3c2CCN(C3=O)Cc4ccc(cc4)Cl,5.23
O=C(C3=CC=C(S(=O)(N(C4=CC=CC=C4)C)=O)C=C3)\N=C2N(C)C1=CC=C([N+]([Or])=O)C=C1S/2,5.84
Cc1c(c(n(n1)c2ccccc2)N)c3ccccc3,3.27
c12n(nc(n2)SCc2c(cccc2)F)C(C(=C(N1)C)C(Nc1c(cccc1)OC)=O)c1ccncc1,4.66
Cc1cc(=O)oc2c1ccc(c2)OC[C@H]3c4cc(c(cc4CCN3C(=O)C5CCCCC5)OC)OC,5.07
c1cc(oc1)C(=O)N2CCN(CC2)c3ccc(cc3Cl)NC(=O)c4c(c(c(c(c4F)F)F)F)F,5.85
CCCOc1ccc(cc1)NC(=O)C[C@H]2C(=O)N(C(=S)N2C3CC3)c4ccc(cc4)Cl,5.41
Cc1c(cn(n1)C)c2cc(nc(c2C#N)SCC(=O)NCC=C)C(F)F,3.74
c1cc(c(c(c1)Cl)Cn2ccc(n2)Nc3nnc(s3)Cc4ccc(cc4)n5cnnn5)C,4.99
Cc1cc(nn1[C@@H](C)c2nnc(s2)Nc3ccn(n3)Cc4ccccc4)C(F)(F)F,5.34
Cn1c(c(cn1)Br)C(=O)N2CCCCCC2,2.63
Cn1cnnc1SCC(=O)Nc2cc(c(cc2C(=O)OC)OC)OC,2.78
CC1=C([C@H](NC(=O)N1)c2ccc(c(c2)OC)OC(F)F)C(=O)OC(C)C,3.75
CC1=NN([C@@](C1)(c2ccc(cc2)Cl)O)C(=O)c3ccccc3Cl,3.73
Cc1cc(n(c(=O)c1C#N)/N=C/c2ccccc2OC)C,3.08
c1cc(cc(c1)C(=O)N2CC[C@H](n3c2ccn3)C(F)(F)F)COCC(C(F)F)(F)F,4.27
c1c(nc2cc(nn2c1C(F)(F)F)C(=O)NC[C@H]3CCCO3)C4CC4,3.33
CCn1cc(c(n1)C)CN(C)C(=O)c2cc3cc(ccc3oc2=O)Br,3.27
C[C@@H]1CCCCN1C(=O)CCCCC(=O)N2CCCC[C@H]2C,3.42
CCCn1c2ccccc2c3c1nc(nn3)SCC(=O)N[C@H](C)c4ccccc4,4.36
CCCC1=C([C@@H](NC(=O)N1)c2ccc3c(c2)OCO3)C(=O)OCC,3.59
Cc1c2c([nH]n1)OC(=C([C@H]2c3ccc(c(c3)OC)OCc4cccc(c4)F)C#N)N,4.42
Cc1oc(cc1)/C=C/C(=O)NCCNC(=O)/C=C/c2oc(cc2)C,3.97
C[C@@H]1CCC[C@H](N1C(=S)NCCCOC)C,2.8
CCSCCOC(=O)C1=C(NC2=C([C@H]1c3ccc4c(c3)OCO4)C(=O)C[C@H](C2)c5cccs5)C,5
c1cc(c(cc1NC(=S)NC[C@@H]2CCCO2)Cl)OC(F)F,3.74
Cc1c(c(n(n1)C)C)CN(C)C(=O)c2ccc(o2)Cn3c(c(c(n3)C)[N+](=O)[Or])C,3.27
Cc1c(cnn1C)CN(C)C(=O)[C@@H](C)n2c(c(c(n2)C(F)F)Br)C,3.12
c1cc2c(cc1Cl)sc(c2Cl)C(=O)N3CCN(CC3)C(=S)NC[C@H]4CCCO4,4.83
Cn1c(c(cn1)[N+](=O)[Or])C(=O)N2CCN(CC2)C(=O)c3c(c4ccc(cc4s3)Cl)Cl,
Cc1c(cn(n1)C)c2cc(n3c(n2)cc(n3)C(=O)N4C[C@H](O[C@H](C4)C)C)C(F)(F)F,4.11
Cc1c(cn(n1)C)c2cc(n3c(n2)c(cn3)C(=O)N(C4CCCCC4)C5CCCCC5)C(F)(F)F,5.81
C[C@@H](C(=O)Nc1ccc2c(cc(=O)oc2c1)C(F)(F)F)n3c(c(c(n3)C(F)(F)F)Cl)C4CC4,6.63
Cc1c(c(nn1[C@@H](C)C(=O)N2CCOCC2)C(F)(F)F)Cl,3.08
c1ccc(cc1)NC(=O)CN2[C@@H]3[C@@H](C(=O)N(C3=O)c4ccc(cc4Cl)Cl)N=N2,4.3
CCn1ccc(n1)CN(C)C(=O)c2ccccc2COc3ccc(cc3F)F,4.43
Cc1ccc(c(c1)OCc2ccc(o2)c3[nr]n4cncr5n[nH+]cc5c4n3)Cl,4.4
c1ccc(cc1)OCc2nnc(n2N)SC(F)F,1.85
CCn1c(nnc1SCC(=O)NCC=C)CCn2c(c(c(n2)C)Br)C,3.53
c1cc(oc1COc2c(c(cc(c2F)F)F)F)C(=O)NC3CC3,3.54
CCOCCOC(=O)C1=C(NC2=C([C@@H]1c3ccc(cc3)C)C(=O)CCC2)C,3.89
C[C@@H](c1nc2c3cnn(c3ncn2n1)c4ccccc4)n5cc(cn5)[N+](=O)[Or],3.73
CCn1c(nnc1SCc2nc3c4cnn(c4ncn3n2)C)c5cc(n(n5)C)C(F)(F)F,3.85
CCOC(=O)N1CCN(CC1)C(=O)c2c3c(on2)CC[C@@H](C3)C(C)(C)C,4.52
Cc1cc(n2c(n1)cc(n2)c3nnc(o3)c4cccc(c4)C(F)(F)F)C(F)(F)F,4.92
CCCOC(=O)c1c(c(sc1NC(=O)C2CCN(CC2)S(=O)(=O)C)C(=O)N)C,3.9
CC(C)COc1ccc(cc1)C(=O)N2[C@@](CC(=N2)C(F)F)(C(F)F)O,5.16
CC(C)(C)C1=C([C@]2(c3ccccc3NC2=O)C(=C(O1)N)C(=O)OCCOC)C(=O)OC,
CC(C)(C)c1cc(nc(n1)SCCNC(=O)C2CCCCC2)C(F)(F)F,5.77
CCn1cc(cn1)c2nc3c4c(c(sc4ncn3n2)C)C,3.77
CCCNC(=O)N1CCN(CC1)C(=O)NCCC,1.04
c1ccc(cc1)C(=O)[C@H](NC(=O)c2ccccc2)Sc3ncccn3,3.62
Cc1cc(n2c(n1)nnc2SCc3ccc(cc3)C(=O)c4ccccc4)C,4.43
CC(=O)N[C@@H]1[C@H]([C@H]2[C@@H](COC(O2)(C)C)O[C@@H]1Oc3cccc4c3cccc4)O,3.8
CC1=C(C(OCC)=O)C(C2=CC=CS2)N(C(/C(S4)=C/C3=CC=C(OC(C)=O)C=C3)=O)C4=N1,4.77
CCOC(=O)c1c(nc(s1)NCCNc2nc(c(s2)C(=O)OCC)C)C,4.66
CC(C)(C)N(C)C(=O)c1c(c(c(c(c1F)F)F)F)F,3.45
CCCC[C@H](CC)Cn1c2c(nc1SCC(=O)Nc3ccc(cc3)OC)n(c(=O)n(c2=O)C)C,5.51
c1cc2c(cc1Br)c(cn2CC(=O)N3CCCCCC3)C(=O)C(F)(F)F,4.62
c1ccc(cc1)S/C=C/C=C/S(=O)(=O)c2ccccc2,4.03
Cc1cc(c(s1)C)c2c3c([nH]n2)OC(=C([C@H]3c4ccc(cc4)NC(=O)C)C#N)N,4.26
Cc1c2c(n(n1)c3cccc(c3)Cl)OC(=C([C@@H]2c4ccc(cc4)NC(=O)C)C#N)N,4.93
c1cc(c(cc1)[N+](=O)[Or])/C=N/c2ccc(cc2)/N=C/c3c(cccc3)[N+](=O)[Or],2.95
c1ccc(cc1)C(=O)[C@@H]2[C@H](C([C@@H]3N2c4ccccc4C=C3)(C#N)C#N)c5ccc(s5)Br,5.05
CN(CCO)S(=O)(=O)c1ccc2c3ccc(cc3oc(=O)c2c1)S(=O)(=O)N(C)CCO,3.2
CCOCc1c(cc(c(c1C)[C@H]2c3c(n[nH]c3OC(=C2C#N)N)C)C)C,4.09
Cc1ccccc1O[C@H]2[C@@H](N(C2=O)Cc3ccc4c(c3)OCO4)c5ccc6c(c5)OCO6,4.37
Cc1ccc(cc1Cl)NC(=O)CSC2=C([C@@H](C(=C(N2)C)C(=O)Nc3ccccc3OC)c4ccco4)C#N,6.27
S1(=O)(=O)N=C(c2c1cccc2)NCCOC(=O)c1ccc(cc1)Br,
c1cc(sc1)S(=O)(=O)/N=C\c2ccc(cc2)Br,2.14
Cc1ccc(cc1)SCC(=O)NCc2cccc(c2)CNC(=O)CSc3ccc(cc3)C,5.08
c1ccc2c(c1)C(=O)N(S2(=O)=O)CC(=O)Nc3ccc(cc3)S(=O)(=O)N4CCCCCC4,4.73
Cc1ccc(cc1)c2nc3n(n2)C(=O)C[C@@H](S3)c4cccc(c4)[N+](=O)[Or],4.49
CC(C)c1ccc(cc1)CNC(=O)C(=O)NCCCOC(C)C,4.57
COc1cc(cc(c1OC)OC)C(=O)Nc2cccc(c2)C#N,3.44
O=C(/C(S4)=C/C3=C([N+]([Or])=O)C=C(OC)C(OC)=C3)N(C4=NC2)CN2C1=CC=C(OCC)C=C1,4.93
Cc1ccccc1N[C@@H](c2ccccc2F)P(=O)(OC(C)C)OC(C)C,5.63
CCn1c(nnc1SCC(=O)Nc2ccc(cc2)C(=O)OC)c3ccccc3,4.24
CC1(CC2=C([C@H](C(=C(N2c3ccc(cc3)Cl)N)C#N)c4ccc(c(c4)OC)OC)C(=O)C1)C,4.34
c1ccc(cc1)CSCC(=O)Nc2ccc(cc2)c3ccc(cc3)[N+](=O)[Or],5.38
CCOc1ccc(cc1[C@H]2C3=C(CC(CC3=O)(C)C)Nc4n2ncn4)Br,3.85
CCOC(=O)CSc1nnnn1c2cccc3c2cccc3,3.8
C[C@@]12CC[C@@H](C1(C)C)C(=O)N(C2=O)CC#C,2.28
c1ccc(cc1)n2c(nnn2)OCCOc3nnnn3c4ccccc4,3.72
CS(=O)(=O)N(CC(=O)N1CCc2ccccc2C1)c3ccc(cc3)OCc4ccccc4,4.91
CCCOc1ccc(cc1)N2C(=O)C[C@@H](C2=O)N3CCNC3=S,2.68
CS(=O)(=O)N(CC(=O)Nc1c(cccc1F)F)c2cc(c(cc2Cl)Cl)Cl,4.34
CC(C)N(Cc1nc(no1)c2ccccc2)C(=O)c3ccccc3CCc4ccccc4,5.98
c1ccc(c(c1)CN(C(=O)c2cccc(c2)[N+](=O)[Or])N3C(=O)c4ccccc4C3=O)F,4.47
c1cc(ccc1C(=O)N(Cc2ccc(c(c2)Cl)Cl)N3C(=O)[C@@H]4CCCC[C@H]4C3=O)Cl,5.51
C[C@H](C(=O)NC1CCCC1)N(c2ccc(cc2)Cl)S(=O)(=O)C,3.48
CC(=O)c1ccc(cc1NC(=O)c2ccccc2)C(C)(C)C,5.13
Cc1ccc(cc1)[C@@H](O)P(=O)(OCC(C)C)OCC(C)C,4.44
CCCCOC(=O)C1=C(NC2=C([C@H]1c3ccccc3OC)C(=O)CCC2)C,4.21
Cc1ccc2c(c1)c3c([nH]2)nc(nn3)N/N=C/C=C/c4ccco4,2.18
C1COCCN1P(=O)(OCC(F)(F)F)OCC(F)(F)F,2.69
c1cc(c(cc1)NC(=O)/C=C/c2occc2)NC(=O)/C=C/c3occc3,3.79
C/C(=C\c1ccco1)/[C@@H]2c3c([nH]nc3OC(=C2C#N)N)c4ccccc4,4.82
Cc1ccc(cc1)C(=O)Nc2cccc(c2)C(=O)OC,3.72
c1ccc(cc1)Cn2nc3c(=C(C#N)C#N)c4c(c(=C(C#N)C#N)c3n2)nn(n4)Cc5ccccc5,
c12n(ncn2)C(C2=C(N1)CCCC2=O)c1c(cc(c(c1)OC)OC)OC,2.19
COc1ccc(cc1)[C@H]2C[C@H](Nc3n2ncn3)c4ccc(cc4)c5ccccc5,5.42
CCCCSC1=C([C@@H](C(=C(N1)C)C(=O)C)c2cccc(c2)[N+](=O)[Or])C#N,4.44
c1ccc(cc1)OP(=O)(Oc2ccccc2)O[C@H]3CS(=O)(=O)C=C3,2.48
c1cc2c(cc1C(=O)c3ccc4c(c3)C(=O)N(C4=O)c5nccs5)C(=O)N(C2=O)c6nccs6,3.25
Cn1c(cc2c1nc3ccccn3c2=O)C(=O)N4CCC5(CC4)OCCO5,2.87
CCOC(=O)C1=C(NC2=C([C@H]1c3ccccc3OC)C(=O)C[C@@H](C2)c4ccc(c(c4)OC)OC)C,3.79
c1cc(sc1)C(=O)Nc2ccc(cc2)S(=O)(=O)c3ccc(cc3)NC(=O)c4cccs4,4.46
COc1ccc(cc1)N2C(=O)Cc3ccccc3C2=O,2.56
COc1ccc(cc1)[C@@H]2C3=C(C[C@@H](CC3=O)c4ccco4)Nc5ccccc5N2C(=O)C(F)(F)F,4.62
CCc1c(c(on1)c2c(c3ccccc3[nH]2)C(=O)C(=O)N(C)C)C,2.68
CCCC(=O)NC[C@@H](C)NC(=O)CCC,1.43
[C@]12([C@]3(OC4(CC(OC4)=O)CC3)[C@@H](CCC1[C@]1([C@@H](OC(OC1)(C)C)CC2)C)C)C,4.24
C[C@@H](c1ccccc1)NC(=O)C2CC2,1.85
CCOC(=O)C1CCN(CC1)C(=O)c2ccc(c(c2)/N=C\3/N[C@@H]4CS(=O)(=O)C[C@@H]4S3)Cl,2.96
Cc1cccc(c1C)NC(=O)Cc2ccc(cc2)Br,4.05
CC[C@H](C(=O)N1CCOCC1)SC2=Nc3ccccc3C4=N[C@H](C(=O)N42)Cc5ccccc5,3.95
CC[C@H](C(=O)Nc1ccc2c(c1)OCO2)SC3=Nc4ccccc4C5=N[C@H](C(=O)N53)CC(C)C,4.85
c1cc(cc(c1)N2C(=O)/C(=C/c3ccsc3)/SC2=S)C(F)(F)F,5.8
c1cc(ccc1/C=N/Oc2nc(nc(n2)N3CCOCC3)N)[N+](=O)[Or],3.18
Cc1c(c(=O)n(n1C)c2ccccc2)Nc3c(nc4ccccc4n3)Nc5cccc(c5)C,5.96
c1ccc(cc1)C(=O)CSc2nc3cc(ccc3c(=O)n2Cc4ccco4)C(=O)N5CCC(CC5)C(=O)N,5.31
Cc1cc(nc2c1cccc2)SCC(=O)NCc3ccc4c(c3)OCO4,4.15
CC[C@@H](C(=O)NCCOC)Sc1nc2cc3c(cc2c(=O)n1Cc4ccco4)OCO3,
CCOc1cc(cc(c1OCC)OCC)C(=O)Nc2ccc(c(c2)OC)OC,4.11
COc1ccc(cc1COc2c(c(cc(c2F)F)F)F)C=O,4.24
CC[C@H](C)NC(=O)NC(C(F)(F)F)C(F)(F)F,2.84
CCc1ccccc1NC(=O)[C@@]23CC[C@@](C2(C)C)(C(=O)O3)C,3.31
Cc1ccc(cc1[N+](=O)[Or])N2C(=O)[C@H]3[C@H](C2=O)C4(c5ccccc5C3c6c4cccc6)C(=O)C,4.74
CC1(Cc2c(cc(c(=O)n2c3ccccc3)C(=O)N[C@@H](CCSC)C(=O)OC)C(=O)C1)C,3.97
Cc1ccc(cc1C)C(=O)COc2cccc(c2)N3C(=O)[C@H]4[C@@H]5CC[C@@H](C5)[C@H]4C3=O,4.71
CCOc1cc(ccc1OCC#C)C2C3=C(CC(CC3=O)(C)C)OC4=C2C(=O)CC(C4)(C)C,4.93
C[C@@H](CCc1ccccc1)NC(=O)C(=O)NC[C@@H]2COc3ccccc3O2,4.8
C[C@H](c1ccccc1)NC(=O)CN(C2CCCCC2)S(=O)(=O)c3ccccc3,4.9
CCN1C(=O)/C(=C/c2cc(n(c2C)c3ccc4c(c3)OCO4)C)/SC1=S,2.52
COc1cc2c(cc1OC)[C@H](N(CC2)C(=O)/C=C/c3ccccc3)COc4ccc(cc4)F,5.45
CCN(c1ccccc1)C(=O)C(=O)c2cn(c3c2cccc3)CC(=O)N4CCOCC4,2.05
Cc1c(sc2c1c(=O)n(cn2)CC(=O)N[C@@H]3CCC[C@H]([C@H]3C)C)C,4.34
c1ccc2c(c1)c(c(s2)C(=O)NC[C@@H]3CCCO3)Cl,3.56
Cc1ccc(cc1)N(CC(=O)NC[C@@H]2CCCO2)S(=O)(=O)c3ccc(cc3)SC,4.3
CCOC(=O)C(C)(C)N(CCC(C)C)S(=O)(=O)c1ccc(cc1)[N+](=O)[Or],4.75
c1ccc(cc1)n2c(=O)c3ccccc3c(n2)C(=O)N4CCOCC4,2.47
CCCc1ccc(c(c1)OC)OCc2ccc(o2)C(=O)Nc3ccccc3C(=O)OC,5.89
c1cc(cc(c1)Br)[C@@H]2C(=O)N(CC(=O)N2CCC3=CCCCC3)C4CCCCC4,5.6
CC1CCN(CC1)S(=O)(=O)N2CCC(CC2)C(=O)N[C@@H](C)c3ccccc3,4.92
c1ccc(cc1)CNC(=O)/C(=C/c2ccc(cc2)Cl)/NC(=O)c3ccccc3,4.41
c1ccc(c(c1)C(F)(F)F)NC(=O)C2CCC2,2.55
CCOP(=O)(C[C@H]1CO1)OCC,
CC(=O)N1CC(=O)N([C@@H]1c2ccc(cc2Cl)Cl)OCOC,1.98
CCCCOc1ccc(cc1)C(=O)N(CCN2C(=O)c3ccccc3C2=O)c4cccc(c4)OC,5.35
COc1cc(ccc1OCc2ccccc2)/C=N\n3cnc4c(c3=O)c5c(s4)CCCC5,5.68
C[C@]12CC[C@@H]3[C@]1(CN([C@]2(C3)C#N)C(=O)c4cccc(c4)[N+](=O)[Or])C,3.25
Cc1ccc(cc1)N2[C@H]3CS(=O)(=O)C[C@H]3N(C2=O)c4cccc(c4)Cl,3.56
Cc1cc(nc(n1)n2c3c(c(n2)C)[C@H]([C@@H]4C(=O)CC(C=C4N3)(C)C)c5ccco5)C,4.34
C[C@@H]1CCC[C@@H](N1C(=O)COC(=O)c2ccc3c(c2)S(=O)(=O)c4ccccc4C3=O)C,4.39
c1ccc(cc1)CC2CCN(CC2)C(=O)COC(=O)C3CCCCC3,4.98
Cn1c(c(c(=O)n(c1=O)C)C(=O)CSc2c(nc3ccccc3n2)SCC(=O)c4c(n(c(=O)n(c4=O)C)C)N)N,2.59
COc1cc(ccc1OS(=O)(=O)c2ccc(c(c2)F)F)C=O,3.68
COc1ccc(cc1)S(=O)(=O)N(CC(=O)OC)c2ccccc2,3.43
c1ccc2c(c1)CCN2S(=O)(=O)c3cccc(c3)C(=O)OCC(=O)Nc4ccc(c(c4F)F)F,5.31
CC1(c2ccccc2N(C1=CC(=O)COC(=O)C(c3ccccc3)c4ccccc4)C)C,6.27
c1cc(cc(c1)[N+](=O)[Or])c2nc(on2)CC3CCCCC3,5.17
Cc1ccc(cc1)S(=O)(=O)N(C)c2ccc(cc2)OCC(=O)N3CCN(CC3)c4ncccn4,4.46
C[C@H]1CCCN(C1)C(=O)COC(=O)COc2cc(c(cc2Cl)Cl)Cl,4.97
COc1cc(cc(c1OC)OC)C(=O)COC(=O)CCCOc2ccc(cc2Cl)Cl,5.59
C[C@@H](COC)NC(=O)CCl,0.61
NNC(=O)c1nc(ccc1Cl)NN,
Cc1c(c2ccccc2[nH]1)C3=CN4CCS(=O)(=O)N=C4S3,1.56
Cc1c(c(no1)c2c(cccc2Cl)F)C(=O)OCC(=O)N3[C@@H](CCC[C@H]3C)C,4.38
N1(C2=C(C(=O)N(C1=O)CC(=O)OCC(=O)Nc1cc3c(cc1)cccc3)N(Cc1ccccc1)C=N2)Cc1ccccc1,
CC[C@H]1CS/C(=N\c2cccc(c2)C)/N1C(=O)CCN3C(=O)c4ccccc4C3=O,4.96
N#CC(=Cc1cc2c(cc1)OCO2)C(=O)NCc1cccc(c1)CNC(=O)C(=Cc1cc2c(cc1)OCO2)C#N,4.92
CCc1cc2c(s1)nc(n(c2=O)CC=C)SCC(=O)N3C[C@]4(C[C@@H]3CC(C4)(C)C)C,6.04
CCOC(=O)c1c([nH]c(c1C(=O)COC(=O)c2ccc(c(c2)S(=O)(=O)N3CCOCC3)F)C)C,3.63
COc1cc(ccc1OC(F)F)/C=C/C(=O)Nc2ccc(cc2)N3CCCCC3,5.36
CC[C@@H]1CCCCN1C(=O)CSc2nc(cc(n2)C)C,3.61
Cn1c(c(c(=O)n(c1=O)C)C(=O)COC(=O)c2cc(ccc2OC)S(=O)(=O)N3CCCCCC3)N,4.59
c1ccc\2c(c1)CN(/C2=N\C(=O)/C(=C/c3ccc4c(c3)OCO4)/C#N)c5cccc(c5)[N+](=O)[Or],5.4
Cc1ccc(s1)C(=O)NCC(=O)O[C@H](c2ccccc2)C(=O)Nc3ccc(c(c3)Cl)OC,4.54
CCN(CC)S(=O)(=O)c1ccc(cc1)C(=O)N2CCNC(=O)[C@H]2CC(=O)OC,1.14
Cc1c(sc(n1)N)C(=O)OC,1.48
COC(=O)c1cc(cc(c1)[N+](=O)[Or])C(=O)OCC(=O)NCc2ccc3c(c2)OCO3,
CCOC(=O)c1c(c(c([nH]1)C)C(=O)OCC(=O)N2CCc3c2cccc3)C,4.47
CCCCNC(=S)N(C)/N=C/c1ccc(c(c1)OC)OCc2ccc(cc2)Cl,6.8
CCCN(CC1CC1)C(=S)Nc2cc(ccc2Cl)[N+](=O)[Or],4.1
c1ccc2c(c1)c(cc(n2)c3ccccc3Cl)C(=O)N4C(=O)c5cccc(c5C4=O)N,4.63
C[C@H]1Cc2ccccc2N1S(=O)(=O)c3cccc(c3)C(=O)OCc4cc(cc5c4OCOC5)[N+](=O)[Or],6.01
Cc1ccccc1N2C(=O)c3ccc(cc3C2=O)C(=O)OCC(=O)c4c(n(c(=O)n(c4=O)C)C)N,4.55
Cc1cc(ccc1NC(=S)NCCc2c[nH]c3c2cccc3)Cl,4.34
c1ccc(cc1)c2csc3c2c(ncn3)N4CCC[C@@H](C4)CO,3.9
c1cc(ncc1C(=O)OCC(=O)N(C2CCCCC2)C3CCCCC3)Cl,4.99
CC(=O)N1Cc2ccccc2C[C@H]1C(=O)OCc3ccc(cc3)C#N,2.41
COc1cc2c3ccccc3oc2cc1NC(=O)COC(=O)c4cc(c(cc4[N+](=O)[Or])OC)OC,5.04
Cc1ccc(c(c1)S(=O)(=O)N(C)c2ccc(cc2)OC(=O)c3ccc4c(c3)OCO4)C,5.87
c1cc(ccc1/C=C/C(=O)C(=C2SCS2)C(=O)N)Cl,3.64
CCS(=O)(=O)N1Cc2ccccc2C[C@@H]1C(=O)OCC(=O)Nc3c(c(c(s3)C)C)C(=O)OC,
Cc1ccc(c(c1)n2c(nnn2)SCC(=O)Nc3cc(cc(c3)C(=O)N)C(=O)N)OC,4.15
CC(C)NC(N2CCN(CC2)S(=O)(c1cccc(C(F)(F)F)c1)=O)=S,3.9
c1ccc2c(c1)C(=O)N(C2=O)CCOC(=O)[C@@H]3C[C@@H](CN3S(=O)(=O)c4ccc(cc4)Cl)O,3.65
COC(=O)C(=O)C1=C(NC(=O)N[C@@H]1c2ccc(cc2)Cl)c3ccc(cc3)Cl,3.56
N1(N=NN=C1)CC(=O)N(CC1=CC=CS1)CC1=CC=CO1,4.33
CN(c1ccccc1)S(=O)(=O)c2ccc(cc2)C(=O)N3CCN(CC3)c4ccccc4C,5.31
CCOC(=O)c1c(c(c([nH]1)C)C(=O)OCC(=O)N(C)[C@@H]2CCS(=O)(=O)C2)C,3.35
CC(=O)c1ccc(cc1)c2ccc(o2)[C@@H]3[C@H](C(=C)NC(=S)N3)C(=O)OC(C)(C)C,4.53
Cn1c(c(c(=O)n(c1=O)C)C(=O)CSc2nnc(n2c3cccc(c3)C(F)(F)F)c4ccc(cc4)OC)N,4.89
CC(=O)NCCc1ccc(cc1)S(=O)(=O)N2CCOCC2,2
CCN([C@@H]1CCS(=O)(=O)C1)C(=O)COC(=O)/C(=C/c2ccc(cc2)Cl)/c3ccc(cc3)F,4.95
Cc1ccc(c(c1)C)NC(=O)COC(=O)/C(=C/c2cccs2)/c3cccs3,3.83
CN(C)S(=O)(=O)c1cccc(c1)Cn2c3cc(ccc3n(c(=O)c2=O)Cc4ccccc4)C,3.37
COC(=O)CCNc1c2c3c(sc2nc(n1)c4cccnc4)CCCC3,4.69
CCCn1c(nnc1SCc2cc(=O)n3cc(ccc3n2)Br)c4cccc(c4)C,4.43
C[C@@H](C(=O)OCC(=O)/C=C/1\C(c2ccccc2N1C)(C)C)NC3=NS(=O)(=O)c4c3cccc4,4.21
CCOc1cc(cc(c1OCC(=O)N)Br)/C=N/n2cnc3c(c2=O)c(c(s3)C)C,4.98
Cn1c(c(c(=O)n(c1=O)C)C(=O)COC(=O)C2CC2)N,2.17
c1ccc2c(c1)cc3ccccc3c2C(=O)OCC(=O)N4CCCC4,4.09
c1cc(cc(c1)N/C=C/C(=O)c2ccc(cc2)Br)C(F)(F)F,5.65
C1(=C(NC(=C(C1c1occc1)C(=O)OC)C)C)C(=O)OCC,3.67
c1cc(ccc1/C=C/C(=O)OCC(=O)Nc2cc(ccc2N3CCOCC3)C(F)(F)F)F,5.08
N1(C2=C(N(C)N(C2=O)c2ccccc2)C)C(=C(C(=O)COC(=O)C2=C(c3c(cccc3)O2)COC(C)C)C=C1C)C,5.39
c1ccc2c(c1)OC[C@H](O2)C(=O)Nc3ccc4c(c3)OCO4,3.28
COc1ccc(cc1)c2nnc(n2N)SCc3cc(=O)oc4c3c5ccccc5cc4,4.24
CCn1c(nnc1c1cccs1)SCC(=O)OCc1nnc(o1)c1ccc(cc1)[N+](=O)[Or],
Cn1c(c(c(=O)n(c1=O)C)C(=O)CSc2nc3c(c4c(s3)CCC4)c(=O)n2Cc5ccccc5)N,5.21
CS(=O)(=O)N(CC(=O)Nc1ccccc1C(=O)NCc2ccco2)c3ccc(cc3)C,4.32
CCOC(/C=c(n(CC(N(C)C)=O)c2=O)/[S]/c2=C/c1c(F)cccc1F)=O,3.17
C[C@@]12CC[C@@](C1(C)C)(c3c2nc4ccccc4n3)C(=O)Nc5ccccc5C(F)(F)F,6.01
Cc1cc(c(n1Cc2ccc3c(c2)OCO3)C)C(=O)CN4C(=O)[C@@H]5CC=CC[C@H]5C4=O,4.38
Cc1cc(c(n1c2cc(on2)C)C)C(=O)COC(=O)/C=C/c3cccc(c3)OC,5.2
Cc1cccc(c1)n2c(nnc2S[C@@H](C)C(=O)N)c3cccc(c3)S(=O)(=O)N(C)C,3.81
COc1cc(cc(c1OC)OC)/C=C/C(=O)N[C@H]2CCCc3c2cccc3,4.27
C[C@H]1CN(/C(=N/c2ccc(cc2)Cl)/S1)C(=O)c3csc4c3CCCC4,5.53
S(=O)(=O)(N1CCCCC1)c1cccc(c1)C(=O)N1Cc2cc(c(cc2CC1)OC)OC,4.2
COc1ccc(cc1)N(CC(=O)N[C@@H]2CCS(=O)(=O)C2)S(=O)(=O)c3ccc(c(c3)Cl)C,3.32
CC1=NC(=C([C@H](C1C(=O)OC)c2cccc(c2)Cl)C(=O)OC)C,4.22
CC(C)[C@H](C(=O)NC(=O)N)Sc1nnc(n1C)C(F)(F)F,2.12
CC(C)N(Cc1nnc(o1)c2ccc(cc2)Cl)C(=O)[C@@H]3COc4ccccc4O3,4.09
COc1ccc(cc1)C(=O)CSc2nnc(o2)c3ccccc3,4.15
Cc1cc(n2c(n1)nc(n2)SCC(=O)NCCNC(=O)CSc3nc4nc(cc(n4n3)C)C)C,0.82
Cn1c(=O)c(c(n(c1=O)Cc2ccccc2)N)C(=O)CN3CCSc4c3cccc4,4.71
COc1c([N+]([Or])=O)cc(C(OCC(NC2CCCCCCC2)=O)=O)cc1,4.28
c1c2c(cc3c1c(co3)CC(=O)O[C@H]4CCCCC4=O)CCC2,4.43
c1ccc2c(c1)C(=NS2(=O)=O)NCCCC(=O)OCc3cc(cc4c3OCOC4)[N+](=O)[Or],3.52
CCN(CC)S(=O)(=O)c1ccc2c(c1)n(nn2)OCC(=O)NC(c3ccccc3)c4ccccc4,4.49
CC(=CC(=O)OCC(=O)Nc1ccc(cc1)S(=O)(=O)N(C)C)C,2.26
Cc1c(cccc1n2cnnn2)NC(=O)CC(c3ccccc3)c4ccccc4,3.2
Cc1c(c(=O)n(n1C)c2ccccc2)NC(=O)COC(=O)c3cccnc3SC,3.63
Cc1ccc(cc1NC(=O)c2ccco2)C(=O)N3C(=O)c4cccc(c4C3=O)N,3.55
CC(C)NC(=O)COC(=O)c1ccc(cc1)S(=O)(=O)N2CCCCCC2,3.78
CC(=O)N(c1ccccc1)c2nc(cs2)/C=C/C(=O)Nc3ccc4c(c3)OCO4,4.37
CC(=O)Nc1cccc(c1)C(=O)OCC(=O)c2c(n(c(=O)n(c2=O)C)C)N,3.57
COc1cccc(c1)C(=O)N2CCC[C@@H](C2)c3ccccc3,4.04
O=C(CSc2n(Cc3ccccc3)c(c4occc4)nn2)N1C(C)CCCC1C,4.49
Cc1cc(n2c(n1)nc(n2)S[C@@H](C)C(=O)NCC(=O)Nc3ccc(c(c3F)F)F)C,2.18
c1cc(oc1)C(=O)N2CCN(CC2)C(=O)Cn3cc(cc(c3=O)Cl)C(F)(F)F,2.27
COc1cccc(c1)NC(=O)[C@@H](c2ccccc2)OC(=O)C3=COCCO3,3.81
CCOC(=O)c1ccc(cc1)CNC(=O)CSc2nc3c(c(c(s3)C)C)c(=O)n2CC=C,4.83
c1ccc2c(c1)c(=O)n(c(n2)SCC(=O)NC3CCCCC3)c4ccc(cc4)Cl,4.92
Cc1cccc(c1NC(=O)CNC(=O)C2CCN(CC2)S(=O)(=O)c3cccc(c3Cl)Cl)C,3.41
Cc1c(c([nH]c1C(=O)COC(=O)c2ccccc2NC(=O)c3ccco3)C)C(=O)C,4.73
c1cc(ccc1NC(=O)COC(=O)c2cc(cnc2)Br)N3CCOCC3,
C[C@H](C(=O)NCC(=O)Nc1ccc(c(c1F)F)F)Sc2nnnn2c3ccc(cc3)Cl,4.52
Cc1ccc(o1)/C=C/C(=O)N2CCN(CC2)c3ccc(cc3)C(=O)C,4.3
N(c1cc(cc(c1)OC)OC)C(=O)COC(=O)C=CC=CC,
COc1ccc(cc1)C(=O)/C=C/C=C(Cl)Cl,4.4
CCC(CC)NC(=O)c1ccc(c(c1)S(=O)(=O)N2CCCC2)Cl,3.6
Cn1c(nnc1SCC(=O)NC2CCCCCC2)c3ccc(cc3)Cl,4.21
O=C(NCc2cc(OCO3)c3cc2)C(C)SC4=Nc1c(C(N4c5ccc(F)cc5)=O)cccc1,4.63
N#CC(=Cc1cc(c(c(c1)Br)OCC)OC)C(=O)OCCOC,
CCOC(=O)C1=C(NC(=O)C[C@@H]1c2cc(c(cc2Br)OC)OC)C,3.93
Cc1ccc(cc1NC(=O)Cc2coc3c2cc4c(c3)CCC4)C(=O)OC,4.78
CCN(CC)S(=O)(=O)c1ccc(cc1)/C=C/C(=O)NC2CCCCC2,4.34
c1ccc(cc1)NC(=O)COC(=O)c2ccccc2F,3.18
CCCCNc1ccccc1C(=O)OCC(=O)N[C@@H]2CCS(=O)(=O)C2,4.09
Cc1cc(c(n1CCOC)C)C(=O)CSc2nnc3n2c4ccccc4[nH]3,3.45
c1ccc(c(c1)C(=O)OCC#N)SCC(=O)N2CCCC2,2.57
COC(=O)c1ccc(c(c1)S(=O)(=O)N2CCCCC2)Br,3.66
CCOc1ccc(cc1OCC)NC(=O)CN(C)C(=O)c2ccc(o2)C,2.09
Cc1ccc(cc1F)NC(=O)CSc2nnc(n2CC=C)c3cccs3,4.48
CN(c1ccccc1)S(=O)(=O)c2ccc(c(c2)C(=O)OCc3nnc(o3)c4cccs4)C,
c1ccc(cc1)c2ccccc2NC(=O)CSc3nnc(n3N)c4ccc(cc4)OC(F)F,4.85
C[C@@H](c1ccccc1)NC(=O)CSc2c3cnn(c3ncn2)c4ccccc4,4.73
CCOC(=O)N1CCN(CC1)C(=O)/C=C/c2ccc(c(c2)Cl)Cl,4.34
C[C@H]1C[C@@H](CN(C1)C(=O)CSc2nnc(n2C)c3ccccc3)C,3.68
COc1cccc(c1)n2c(=O)c3ccccc3nc2SCc4cc(=O)n5ccsc5n4,3.56
CCc1ccccc1Nc2nc(nc(n2)N)CSc3nnc(n3N)c4ccc(cc4)OC(F)F,4.35
COc1ccc(cc1S(=O)(=O)N2CCOCC2)C(=O)Nc3cccc(c3)F,3.64
CCCCN1C(=O)c2ccc(cc2C1=O)C(=O)OCC(=O)N[C@H](C)C(C)C,3.62
CCCCOc1ccc(cc1OC)C(=O)Oc2ccc3c(c2)OCO3,4.77
Cc1ccc(cc1)CNC(=O)C2CCN(CC2)S(=O)(=O)c3ccc4c(c3)OCCCO4,4.01
CCN(c1ccccc1)C(=O)[C@@H](C)OC(=O)c2cc(c(c(c2)OC)OC)OC,3.4
n1(c(nnc1c1ccc(cc1)F)SC(C(=O)N)C)c1ccccc1,3.38
c1ccc2cc(ccc2c1)OCC(=O)N3CCN(CC3)S(=O)(=O)c4ccc5c(c4)OCCO5,4.47
Cc1ccc(cc1[N+](=O)[Or])C(=O)NCCc2ccc3c(c2)OCCO3,3.28
C[C@H](C(=O)Nc1ccc(cc1)OC(F)(F)F)Oc2ccccc2,4.77
CCOc1ccc(cc1)n2c(=O)c3c4c(sc3nc2SCC(=O)NC5CC5)CCC4,4.64
COCCCNC(=O)c1ccccc1C(F)(F)F,2
c1ccc2c(c1)c(=O)n(c(n2)SCC#N)c3ccc(cc3)OC(F)F,4.17
Cc1c(c(on1)C)C(=O)O[C@@H](C)C(=O)Nc2ccc3c(c2)OCCO3,2.78
[N+](=O)(C1=CC=C(O1)C(=O)OCc1c(ccc(c1)C(=O)C)OC)[Or],
CC(=O)c1ccc(c(c1)COC(=O)c2cc(ccc2Cl)Cl)OC,4.45
Cc1cc(c(c(c1)C)NC(=O)CSc2nnc(n2N)c3ccc(cc3)OC(F)F)C,4.41
COC(=O)c1cccc(c1)NC(=O)CCN2C(=O)c3ccccc3C2=O,3.39
C[C@H]1CCCC[C@@H]1NC(=O)COc2c3ccccc3ncn2,3.11
C[C@@H]1CCCC[C@H]1NC(=O)COC(=O)C2=COCCO2,2.48
CN(Cc1ccccc1)S(=O)(=O)c2ccc(cc2)NC(=O)Cc3ccc(cc3)F,5.14
CN(c1ccc(cc1)OC(=O)c2ccccc2)C3=NS(=O)(=O)c4c3cccc4,4.26
Cc1c(c([nH]c1C(=O)COC(=O)c2cc(cc(c2)[N+](=O)[Or])C(=O)OC)C)C(=O)C,3.82
CC(C)N(C(C)C)C(=O)CSc1nnc(s1)NCc2ccccc2,4.09
c1ccc(cc1)/C=C\2/C(=O)Nc3cc(ccc3S2)C(=O)NC4CC4,4.32
COc1ccc(cc1Cl)S(=O)(=O)N(CC(=O)Nc2cccc(c2)[N+](=O)[Or])C3CCCCC3,5.48
c1ccc(cc1)CCn2c(nnc2SCC(=O)N3CCOCC3)c4ccccc4F,3.79
CCOC(=O)c1ccc(cc1)NCc2c(c([nH]c2C)C(=O)OCC)C,5.09
c1nc(c2c3c(sc2n1)CCCC3)NC4CCCC4,4.17
CCC[C@@H](C)NC(=O)COc1c2c3c(sc2ncn1)C[C@@H](CC3)C,4.55
c1cc(ccc1NC(=O)CSc2c3c4c(sc3ncn2)CCC4)F,4.69
Cc1cc(ccc1NC(=O)CSc2nnc(s2)N)Br,2.69
Cc1cc(c(n1c2ccc(cc2)C(=O)OC)C)C(=O)COc3cccc(c3)n4cnnn4,4.77
Cc1ccc(cc1)OCCC(=O)N2CCN(CC2)S(=O)(=O)c3cccs3,2.98
CN([C@@H](c1ccc(cc1)OC)C(=O)Nc2ccc3c(c2)OCCO3)C(=O)Cc4c[nH]c5c4cccc5,3.76
CN(C)S(=O)(=O)c1cccc(c1)C(=O)NCCc2ccc(cc2Cl)Cl,4.48
Cc1cc2ccccc2c(=O)n1CC(=O)NCC(=O)N3CCN(CC3)c4cccc(c4)Cl,4.45
c1cc(cc(c1)S(=O)(=O)N2CCCC2)C(=O)OCc3c(cccc3Cl)F,4.22
Cn1c2c(c(=O)n(c1=O)C)n(c(n2)N3CCCCCC3)CC(=O)c4ccc(cc4)OC,4.42
COc1cc(ccc1OC(=O)/C=C/c2cccc(c2)F)C#N,4.46
CN1[C@H]([C@@H](c2cc(c(cc2C1=O)OC)OC)C(=O)Nc3ccc(cc3F)F)c4ccc(c(c4)OC)OC,3.66
COc1ccc(cc1OC)NC(=O)c2c(c3c(c(sc3s2)C(=O)Nc4ccc(c(c4)OC)OC)N)N,4.88
CC1=C([C@H](C2=C(N1)C[C@H](CC2=O)c3cccs3)c4ccc(c(c4)OC)OC)C(=O)OCCOC(C)C,4.45
Cc2cc1c(=O)c(C5C3=C(NC(C)=C5C(OCCOC)=O)CC(c4cc(OC)ccc4)CC3=O)coc1cc2,5.23
CCSCCOC(=O)C1=C(NC2=C([C@@H]1c3ccc(cc3)C(=O)OC)C(=O)C[C@H](C2)c4cccs4)C,5.24
CCc1c(c(nc2c1C(=O)CC(C2)(C)C)SCC(=O)N3CCc4cc(c(cc4C3)OC)OC)C#N,4.89
CN(C)S(=O)(=O)c1ccc(cc1)C(=O)OC2CCCCC2,4.27
CC(=O)Nc1ccc(cc1)/N=C/c2c(=O)c3ccccc3oc2[Or],3.64
COc1ccc(cc1)[C@@H]2[C@@H](c3ccccc3C(=O)N2Cc4ccc(cc4)F)C(=O)N5CCCCCC5,5.01
Cc1cccc(c1)NC(=O)C[C@H]2C(=O)N(/C(=N/c3c(cccc3C)C)/S2)C,4.75
CCOc1ccccc1OCC(=O)Nc2ccc3ccccc3c2,4.73
CCOc1ccc(cc1)NC(=O)CSc2nc3ccsc3c(=O)n2c4ccccc4,4.33
OCC#CC(c2ccc(F)cc2)(O)c1ccc(F)cc1,3.61
CC/N=C\1/N(C(=O)/C(=C/c2cn(c3c2cccc3)CC(=O)Nc4cccc(c4)C)/S1)CC,5.8
c1ccc2c(c1)nc(n2C[C@@H](CO)O)SCCSc3nc4ccccc4n3C[C@@H](CO)O,3.29
CCOC(=O)c1ccc(cc1)C#N,1.87
C=CCn(c2=O)c(SCc3ccccc3)nc1c2cccc1,5.11